text,label
"Great job on the book, everything works flawlessly.",positive
The service broke after just one day of use.,negative
I'm annoyed that the service stopped working so quickly.,negative
The report on the meal will be released tomorrow.,neutral
They discussed the meal during the conference call.,neutral
I appreciate how easy the software update is to use.,positive
The team is currently being reviewed by the team.,neutral
The team weighs approximately two kilograms.,neutral
I used the website for about an hour today.,neutral
I'm thrilled with how well the movie performs.,positive
This meal is a complete waste of money.,negative
I can't stop smiling because of this software.,positive
This camera is the worst I have ever purchased.,negative
The restaurant is priced at fifty dollars.,neutral
Such a wonderful experience with this app.,positive
The meeting about the book is at 3 PM.,neutral
The hotel arrived on Tuesday as scheduled.,neutral
The report on the phone will be released tomorrow.,neutral
This gadget made everything so much more difficult.,negative
"This gadget is exactly what I needed, perfect!",positive
"What a fantastic headphones, truly impressive quality.",positive
The document contains twelve pages in total.,neutral
"This software is exactly what I needed, perfect!",positive
I had a great time using this experience today.,positive
I really hate how this meal turned out.,negative
"This app is a game changer, thank you so much!",positive
I read the instructions for the device yesterday.,neutral
"Avoid this tool, it constantly malfunctions.",negative
I'm thrilled with how well the presentation performs.,positive
The camera is compatible with most devices.,neutral
I really hate how this hotel turned out.,negative
Everything about this phone feels premium and well made.,positive
The device works great and looks even better.,positive
The phone broke after just one day of use.,negative
I'm frustrated because the movie keeps failing.,negative
This flight arrived damaged and unusable.,negative
I love spending time with my family on weekends.,positive
The customer support for this experience was awful.,negative
"I absolutely love this vacation, it's amazing!",positive
I can't stop smiling because of this camera.,positive
The store has the app in stock again.,neutral
The laptop has a standard one year warranty.,neutral
"The experience was a huge letdown, poor quality overall.",negative
I have not decided yet whether I like the vacation.,neutral
The laptop is overpriced and underdelivers badly.,negative
This has been the worst week of my life.,negative
The hotel comes in three different colors.,neutral
The restaurant was delivered in a plain box.,neutral
"Best movie I have ever used, highly recommend it.",positive
The headphones has a standard one year warranty.,neutral
I read the instructions for the experience yesterday.,neutral
The app is priced at fifty dollars.,neutral
This is the best flight on the market right now.,positive
Really impressed by the quality of this meal.,positive
"I'm so disappointed with the hotel, it barely works.",negative
This is the best software update on the market right now.,positive
"I regret buying this book, total disappointment.",negative
The flight left me feeling angry and cheated.,negative
This team made everything so much more difficult.,negative
The vacation broke after just one day of use.,negative
Nothing about this team works the way it should.,negative
The camera requires two batteries to operate.,neutral
There is a new update available for the vacation.,neutral
I am still testing out the vacation this week.,neutral
The restaurant left me feeling angry and cheated.,negative
The customer service for this book was outstanding.,positive
The flight broke after just one day of use.,negative
This app is a complete waste of money.,negative
"This delivery is exactly what I needed, perfect!",positive
I can't stop smiling because of this tool.,positive
I appreciate how easy the tool is to use.,positive
I'm annoyed that the phone stopped working so quickly.,negative
This hotel made everything so much more difficult.,negative
The experience broke after just one day of use.,negative
"This tool is a game changer, thank you so much!",positive
I have not decided yet whether I like the presentation.,neutral
"I'm so happy with this meal, it works perfectly.",positive
"Terrible experience with this device, would not recommend.",negative
The conference will be held in the main hall.,neutral
The movie is currently being reviewed by the team.,neutral
The package requires two batteries to operate.,neutral
I can't believe how poorly the gadget performs.,negative
The meeting about the subscription is at 3 PM.,neutral
This delivery is the worst I have ever purchased.,negative
This software arrived damaged and unusable.,negative
They discussed the course during the conference call.,neutral
Everything about this restaurant feels premium and well made.,positive
The course is currently being reviewed by the team.,neutral
The software was delivered in a plain box.,neutral
I'm annoyed that the delivery stopped working so quickly.,negative
The customer service for this gadget was outstanding.,positive
"The package was a huge letdown, poor quality overall.",negative
There is a new update available for the product.,neutral
"This team is a game changer, thank you so much!",positive
It took some time to set up the car.,neutral
I'm annoyed that the team stopped working so quickly.,negative
"Terrible experience with this product, would not recommend.",negative
The tool has a standard one year warranty.,neutral
The website arrived on Tuesday as scheduled.,neutral
"Best hotel I have ever used, highly recommend it.",positive
I'm annoyed that the vacation stopped working so quickly.,negative
"I'm so happy with this package, it works perfectly.",positive
The delivery is priced at fifty dollars.,neutral
I'm frustrated because the product keeps failing.,negative
I'm annoyed that the product stopped working so quickly.,negative
Really impressed by the quality of this software.,positive
"Great job on the course, everything works flawlessly.",positive
The tool made my day so much better.,positive
Such a wonderful experience with this car.,positive
This car is a complete waste of money.,negative
"Such a bad experience, the website is unreliable.",negative
This flight is the worst I have ever purchased.,negative
I am still testing out the tool this week.,neutral
The tool left me feeling angry and cheated.,negative
I appreciate how easy the laptop is to use.,positive
Such a wonderful experience with this software update.,positive
The car arrived on Tuesday as scheduled.,neutral
The game left me feeling angry and cheated.,negative
"I absolutely love this tool, it's amazing!",positive
The product weighs approximately two kilograms.,neutral
The customer service for this software update was outstanding.,positive
"Such a bad experience, the hotel is unreliable.",negative
"Avoid this watch, it constantly malfunctions.",negative
The store has the car in stock again.,neutral
"Terrible experience with this meal, would not recommend.",negative
The service is compatible with most devices.,neutral
The website broke after just one day of use.,negative
This laptop is a complete waste of money.,negative
I appreciate how easy the meal is to use.,positive
The team broke after just one day of use.,negative
"This vacation is a game changer, thank you so much!",positive
Everything about today has been stressful and unpleasant.,negative
"The device was a huge letdown, poor quality overall.",negative
I'm thrilled with how well the team performs.,positive
"Absolutely awful quality, this laptop fell apart fast.",negative
Really impressed by the quality of this game.,positive
This subscription is a complete waste of money.,negative
The app broke after just one day of use.,negative
This is the best product on the market right now.,positive
The game is currently being reviewed by the team.,neutral
I used the laptop for about an hour today.,neutral
I had a great time using this headphones today.,positive
The delivery arrived on Tuesday as scheduled.,neutral
"I'm so happy with this subscription, it works perfectly.",positive
This is the best presentation on the market right now.,positive
The subscription left me feeling angry and cheated.,negative
Really impressed by the quality of this device.,positive
I appreciate how easy the book is to use.,positive
The team left me feeling angry and cheated.,negative
The store has the laptop in stock again.,neutral
I'm annoyed that the game stopped working so quickly.,negative
I appreciate how easy the restaurant is to use.,positive
This software is the worst I have ever purchased.,negative
I read the instructions for the service yesterday.,neutral
The device comes in three different colors.,neutral
This website arrived damaged and unusable.,negative
This game arrived damaged and unusable.,negative
Nothing about this laptop works the way it should.,negative
"The hotel was a huge letdown, poor quality overall.",negative
"Absolutely awful quality, this camera fell apart fast.",negative
I had a great time using this laptop today.,positive
I am still testing out the watch this week.,neutral
"What a fantastic product, truly impressive quality.",positive
"Absolutely delighted with the game, five stars.",positive
"I regret buying this movie, total disappointment.",negative
This package exceeded all my expectations.,positive
The service is overpriced and underdelivers badly.,negative
I'm thrilled with how well the package performs.,positive
I'm frustrated because the website keeps failing.,negative
"This phone is a game changer, thank you so much!",positive
The customer support for this delivery was awful.,negative
I'm frustrated because the restaurant keeps failing.,negative
"I'm so disappointed with the laptop, it barely works.",negative
"Absolutely delighted with the book, five stars.",positive
Really impressed by the quality of this product.,positive
Such a wonderful experience with this meal.,positive
The presentation was delivered in a plain box.,neutral
"Absolutely awful quality, this subscription fell apart fast.",negative
Everything about this delivery feels premium and well made.,positive
"Best delivery I have ever used, highly recommend it.",positive
This vacation exceeded all my expectations.,positive
I have not decided yet whether I like the phone.,neutral
The store has the restaurant in stock again.,neutral
"Best website I have ever used, highly recommend it.",positive
I can't believe how poorly the device performs.,negative
"Best car I have ever used, highly recommend it.",positive
The game made my day so much better.,positive
This is the best camera on the market right now.,positive
The experience is overpriced and underdelivers badly.,negative
"This software is a game changer, thank you so much!",positive
Really impressed by the quality of this headphones.,positive
I'm annoyed that the software stopped working so quickly.,negative
The report on the flight will be released tomorrow.,neutral
I had a great time using this phone today.,positive
"This hotel is a game changer, thank you so much!",positive
I had a great time using this watch today.,positive
"Absolutely delighted with the package, five stars.",positive
"Such a bad experience, the camera is unreliable.",negative
The car left me feeling angry and cheated.,negative
The course arrived on Tuesday as scheduled.,neutral
"Best camera I have ever used, highly recommend it.",positive
This app arrived damaged and unusable.,negative
I really hate how this phone turned out.,negative
The package is overpriced and underdelivers badly.,negative
Everything about this experience feels premium and well made.,positive
I can't believe how poorly the watch performs.,negative
"This product is exactly what I needed, perfect!",positive
The movie weighs approximately two kilograms.,neutral
The meeting about the laptop is at 3 PM.,neutral
The product is priced at fifty dollars.,neutral
The watch is compatible with most devices.,neutral
This course is similar to the previous version.,neutral
The store has the camera in stock again.,neutral
This phone exceeded all my expectations.,positive
"I regret buying this flight, total disappointment.",negative
Nothing about this presentation works the way it should.,negative
"Such a bad experience, the package is unreliable.",negative
I can't believe how poorly the headphones performs.,negative
I really hate how this subscription turned out.,negative
The report on the hotel will be released tomorrow.,neutral
"The course was a huge letdown, poor quality overall.",negative
This hotel arrived damaged and unusable.,negative
"I'm so happy with this car, it works perfectly.",positive
I'm thrilled with how well the phone performs.,positive
The gadget weighs approximately two kilograms.,neutral
This is the best subscription on the market right now.,positive
"Great job on the device, everything works flawlessly.",positive
The presentation is currently being reviewed by the team.,neutral
The gadget is priced at fifty dollars.,neutral
The delivery made my day so much better.,positive
They discussed the flight during the conference call.,neutral
I read the instructions for the car yesterday.,neutral
"Absolutely awful quality, this software update fell apart fast.",negative
I really hate how this restaurant turned out.,negative
The watch left me feeling angry and cheated.,negative
She did a fantastic job presenting the project.,positive
"I regret buying this phone, total disappointment.",negative
"Such a bad experience, the course is unreliable.",negative
It took some time to set up the software.,neutral
I am still testing out the phone this week.,neutral
This app exceeded all my expectations.,positive
The customer support for this restaurant was awful.,negative
The hotel is compatible with most devices.,neutral
"Avoid this app, it constantly malfunctions.",negative
"I'm so disappointed with the device, it barely works.",negative
This headphones is a complete waste of money.,negative
The package broke after just one day of use.,negative
The presentation broke after just one day of use.,negative
I read the instructions for the hotel yesterday.,neutral
I can't stop smiling because of this movie.,positive
The team is overpriced and underdelivers badly.,negative
It took some time to set up the flight.,neutral
The package weighs about three pounds.,neutral
The report on the experience will be released tomorrow.,neutral
This device exceeded all my expectations.,positive
This headphones is similar to the previous version.,neutral
The app arrived on Tuesday as scheduled.,neutral
"This experience is exactly what I needed, perfect!",positive
I have not decided yet whether I like the book.,neutral
The course broke after just one day of use.,negative
The report on the software update will be released tomorrow.,neutral
The hotel has a standard one year warranty.,neutral
The watch broke after just one day of use.,negative
The device left me feeling angry and cheated.,negative
"What a fantastic service, truly impressive quality.",positive
Such a wonderful experience with this game.,positive
The vacation was delivered in a plain box.,neutral
"This meal is exactly what I needed, perfect!",positive
There is a new update available for the software update.,neutral
There is a new update available for the watch.,neutral
This is the best gadget on the market right now.,positive
The customer service for this movie was outstanding.,positive
"Terrible experience with this team, would not recommend.",negative
There is a new update available for the service.,neutral
Nothing about this game works the way it should.,negative
I'm annoyed that the headphones stopped working so quickly.,negative
"Terrible experience with this car, would not recommend.",negative
"The subscription was a huge letdown, poor quality overall.",negative
I appreciate how easy the device is to use.,positive
"Best book I have ever used, highly recommend it.",positive
The car requires two batteries to operate.,neutral
I'm frustrated because the book keeps failing.,negative
Such a wonderful experience with this gadget.,positive
Such a wonderful experience with this flight.,positive
"I'm so disappointed with the vacation, it barely works.",negative
"Absolutely awful quality, this course fell apart fast.",negative
"Absolutely delighted with the phone, five stars.",positive
The restaurant weighs approximately two kilograms.,neutral
"Absolutely awful quality, this app fell apart fast.",negative
This meal made everything so much more difficult.,negative
The headphones is overpriced and underdelivers badly.,negative
The customer service for this service was outstanding.,positive
I'm frustrated because the tool keeps failing.,negative
Nothing about this hotel works the way it should.,negative
The customer support for this gadget was awful.,negative
The phone left me feeling angry and cheated.,negative
I really hate how this watch turned out.,negative
It took some time to set up the package.,neutral
Everything about this headphones feels premium and well made.,positive
Really impressed by the quality of this course.,positive
There is a new update available for the team.,neutral
"Great job on the meal, everything works flawlessly.",positive
The car was delivered in a plain box.,neutral
"Great job on the phone, everything works flawlessly.",positive
This service is similar to the previous version.,neutral
The customer service for this camera was outstanding.,positive
The website is priced at fifty dollars.,neutral
There is a new update available for the gadget.,neutral
This watch is similar to the previous version.,neutral
The game works great and looks even better.,positive
"Best course I have ever used, highly recommend it.",positive
"The car was a huge letdown, poor quality overall.",negative
"Great job on the package, everything works flawlessly.",positive
This meal exceeded all my expectations.,positive
"I'm so disappointed with the website, it barely works.",negative
The bus route changes starting next month.,neutral
This hotel is similar to the previous version.,neutral
I can't believe how poorly the meal performs.,negative
I had a great time using this app today.,positive
I appreciate how easy the movie is to use.,positive
I have not decided yet whether I like the team.,neutral
The presentation works great and looks even better.,positive
"This tool is exactly what I needed, perfect!",positive
The meeting about the gadget is at 3 PM.,neutral
Such a wonderful experience with this laptop.,positive
The vacation works great and looks even better.,positive
This device arrived damaged and unusable.,negative
"Absolutely delighted with the car, five stars.",positive
The service works great and looks even better.,positive
"Avoid this product, it constantly malfunctions.",negative
The tool requires two batteries to operate.,neutral
The presentation has a standard one year warranty.,neutral
I read the instructions for the headphones yesterday.,neutral
This meal is similar to the previous version.,neutral
Really impressed by the quality of this service.,positive
"What a fantastic meal, truly impressive quality.",positive
The store has the game in stock again.,neutral
I used the book for about an hour today.,neutral
"Avoid this phone, it constantly malfunctions.",negative
It took some time to set up the device.,neutral
This vacation arrived damaged and unusable.,negative
Such a wonderful experience with this device.,positive
I'm thrilled with how well the laptop performs.,positive
I can't stop smiling because of this product.,positive
"Terrible experience with this camera, would not recommend.",negative
"Great job on the product, everything works flawlessly.",positive
"Absolutely delighted with the app, five stars.",positive
I had a great time using this restaurant today.,positive
"Terrible experience with this movie, would not recommend.",negative
This website made everything so much more difficult.,negative
"The headphones was a huge letdown, poor quality overall.",negative
Everything about this game feels premium and well made.,positive
This course is the worst I have ever purchased.,negative
The book was delivered in a plain box.,neutral
This car is the worst I have ever purchased.,negative
"Terrible experience with this hotel, would not recommend.",negative
"Great job on the hotel, everything works flawlessly.",positive
This vacation is a complete waste of money.,negative
Nothing about this watch works the way it should.,negative
The report on the presentation will be released tomorrow.,neutral
"Absolutely delighted with the movie, five stars.",positive
"I'm so disappointed with the subscription, it barely works.",negative
The software broke after just one day of use.,negative
"The book was a huge letdown, poor quality overall.",negative
The customer support for this package was awful.,negative
Everything about this flight feels premium and well made.,positive
This is the best package on the market right now.,positive
I can't believe how poorly the experience performs.,negative
"Avoid this flight, it constantly malfunctions.",negative
The presentation is priced at fifty dollars.,neutral
I can't stop smiling because of this app.,positive
The flight made my day so much better.,positive
I'm thrilled with how well the software update performs.,positive
The meeting about the website is at 3 PM.,neutral
"Such a bad experience, the tool is unreliable.",negative
The customer service for this phone was outstanding.,positive
"Avoid this restaurant, it constantly malfunctions.",negative
"Absolutely delighted with the delivery, five stars.",positive
The meal works great and looks even better.,positive
The meeting about the app is at 3 PM.,neutral
The gadget left me feeling angry and cheated.,negative
I read the instructions for the tool yesterday.,neutral
"I regret buying this camera, total disappointment.",negative
I appreciate how easy the course is to use.,positive
There is a new update available for the package.,neutral
"Terrible experience with this flight, would not recommend.",negative
"This subscription is exactly what I needed, perfect!",positive
The watch requires two batteries to operate.,neutral
This headphones made everything so much more difficult.,negative
The subscription made my day so much better.,positive
This delivery arrived damaged and unusable.,negative
The meal has a standard one year warranty.,neutral
Really impressed by the quality of this team.,positive
This movie is the worst I have ever purchased.,negative
Such a wonderful experience with this product.,positive
I have not decided yet whether I like the app.,neutral
Everything about this meal feels premium and well made.,positive
It took some time to set up the course.,neutral
I read the instructions for the meal yesterday.,neutral
I am still testing out the presentation this week.,neutral
I can't stop smiling because of this delivery.,positive
"I absolutely love this headphones, it's amazing!",positive
"Great job on the subscription, everything works flawlessly.",positive
Everything about this movie feels premium and well made.,positive
I read the instructions for the subscription yesterday.,neutral
The service requires two batteries to operate.,neutral
Everything about this presentation feels premium and well made.,positive
It took some time to set up the tool.,neutral
There is a new update available for the subscription.,neutral
The hotel was delivered in a plain box.,neutral
The concert last night was absolutely unforgettable.,positive
I'm frustrated because the device keeps failing.,negative
I can't stop smiling because of this package.,positive
The store has the book in stock again.,neutral
The app is compatible with most devices.,neutral
The car comes in three different colors.,neutral
The meal is compatible with most devices.,neutral
I had a great time using this movie today.,positive
I have not decided yet whether I like the delivery.,neutral
The package is currently being reviewed by the team.,neutral
The meeting about the phone is at 3 PM.,neutral
"Absolutely awful quality, this meal fell apart fast.",negative
The package arrived on Tuesday as scheduled.,neutral
"Absolutely delighted with the website, five stars.",positive
Nothing about this experience works the way it should.,negative
The customer service for this hotel was outstanding.,positive
This experience exceeded all my expectations.,positive
The store has the delivery in stock again.,neutral
The phone works great and looks even better.,positive
"I'm so disappointed with the movie, it barely works.",negative
This website exceeded all my expectations.,positive
"I'm so happy with this hotel, it works perfectly.",positive
I'm thrilled with how well the product performs.,positive
"The tool was a huge letdown, poor quality overall.",negative
Such a wonderful experience with this tool.,positive
"I'm so happy with this course, it works perfectly.",positive
The flight arrived on Tuesday as scheduled.,neutral
The service was delivered in a plain box.,neutral
"I'm so happy with this watch, it works perfectly.",positive
Everything about this website feels premium and well made.,positive
The train departs from platform four at noon.,neutral
I have not decided yet whether I like the laptop.,neutral
The device broke after just one day of use.,negative
The phone was delivered in a plain box.,neutral
Really impressed by the quality of this watch.,positive
The app weighs approximately two kilograms.,neutral
"Absolutely delighted with the restaurant, five stars.",positive
It took some time to set up the watch.,neutral
I'm annoyed that the camera stopped working so quickly.,negative
"What a fantastic software, truly impressive quality.",positive
This is the best software on the market right now.,positive
I had a great time using this service today.,positive
The report on the movie will be released tomorrow.,neutral
The software update is priced at fifty dollars.,neutral
The restaurant has a standard one year warranty.,neutral
I am still testing out the subscription this week.,neutral
It took some time to set up the book.,neutral
The store has the package in stock again.,neutral
This game is a complete waste of money.,negative
"I'm so disappointed with the car, it barely works.",negative
I used the gadget for about an hour today.,neutral
The device arrived on Tuesday as scheduled.,neutral
The vacation arrived on Tuesday as scheduled.,neutral
Everything about this device feels premium and well made.,positive
I'm frustrated because the subscription keeps failing.,negative
I am still testing out the gadget this week.,neutral
The meeting about the hotel is at 3 PM.,neutral
"Absolutely awful quality, this service fell apart fast.",negative
This device is similar to the previous version.,neutral
"This headphones is exactly what I needed, perfect!",positive
"I regret buying this meal, total disappointment.",negative
The customer support for this watch was awful.,negative
I read the instructions for the product yesterday.,neutral
The package left me feeling angry and cheated.,negative
I'm frustrated because the meal keeps failing.,negative
I had a great time using this device today.,positive
"This camera is a game changer, thank you so much!",positive
"This meal is a game changer, thank you so much!",positive
Nothing about this flight works the way it should.,negative
I'm annoyed that the laptop stopped working so quickly.,negative
The flight comes in three different colors.,neutral
The website made my day so much better.,positive
"Avoid this vacation, it constantly malfunctions.",negative
"Such a bad experience, the restaurant is unreliable.",negative
"Great job on the experience, everything works flawlessly.",positive
"What a fantastic presentation, truly impressive quality.",positive
This is the best watch on the market right now.,positive
I can't believe how poorly the course performs.,negative
The book arrived on Tuesday as scheduled.,neutral
This camera is similar to the previous version.,neutral
Nothing about this product works the way it should.,negative
The customer service for this restaurant was outstanding.,positive
I can't stop smiling because of this game.,positive
"Avoid this website, it constantly malfunctions.",negative
The customer service for this car was outstanding.,positive
This flight is similar to the previous version.,neutral
"Best service I have ever used, highly recommend it.",positive
"Such a bad experience, the presentation is unreliable.",negative
I am furious about how this situation was handled.,negative
They discussed the subscription during the conference call.,neutral
Everything about this tool feels premium and well made.,positive
I really hate how this camera turned out.,negative
I read the instructions for the phone yesterday.,neutral
"Avoid this service, it constantly malfunctions.",negative
"Absolutely awful quality, this phone fell apart fast.",negative
"I'm so disappointed with the software, it barely works.",negative
This phone is a complete waste of money.,negative
The course requires two batteries to operate.,neutral
They discussed the gadget during the conference call.,neutral
"I'm so disappointed with the service, it barely works.",negative
Nothing about this website works the way it should.,negative
I am still testing out the app this week.,neutral
The store has the hotel in stock again.,neutral
I'm thrilled with how well the camera performs.,positive
"I regret buying this app, total disappointment.",negative
The presentation arrived on Tuesday as scheduled.,neutral
The package comes in three different colors.,neutral
The customer support for this service was awful.,negative
Nothing about this delivery works the way it should.,negative
I'm frustrated because the experience keeps failing.,negative
This decision makes me really upset and disappointed.,negative
The book left me feeling angry and cheated.,negative
This car arrived damaged and unusable.,negative
The tool is compatible with most devices.,neutral
I read the instructions for the book yesterday.,neutral
I used the meal for about an hour today.,neutral
The course has a standard one year warranty.,neutral
The watch comes in three different colors.,neutral
The car broke after just one day of use.,negative
I'm frustrated because the course keeps failing.,negative
I had a great time using this website today.,positive
I really hate how this movie turned out.,negative
I'm thrilled with how well the book performs.,positive
This car made everything so much more difficult.,negative
Such a wonderful experience with this presentation.,positive
The phone has a standard one year warranty.,neutral
"This experience is a game changer, thank you so much!",positive
This vacation made everything so much more difficult.,negative
The device weighs approximately two kilograms.,neutral
I can't stop smiling because of this presentation.,positive
The tool is overpriced and underdelivers badly.,negative
"The meal was a huge letdown, poor quality overall.",negative
This presentation exceeded all my expectations.,positive
Nothing about this headphones works the way it should.,negative
Nothing about this software works the way it should.,negative
I appreciate how easy the service is to use.,positive
I really hate how this course turned out.,negative
The gadget was delivered in a plain box.,neutral
The team has a standard one year warranty.,neutral
"I regret buying this laptop, total disappointment.",negative
The software has a standard one year warranty.,neutral
This subscription is similar to the previous version.,neutral
"Absolutely awful quality, this restaurant fell apart fast.",negative
This product is similar to the previous version.,neutral
"I'm so happy with this presentation, it works perfectly.",positive
I'm annoyed that the app stopped working so quickly.,negative
I used the flight for about an hour today.,neutral
This is the best game on the market right now.,positive
This is the best service on the market right now.,positive
"Best meal I have ever used, highly recommend it.",positive
The watch arrived on Tuesday as scheduled.,neutral
"Terrible experience with this course, would not recommend.",negative
I appreciate how easy the flight is to use.,positive
This meal arrived damaged and unusable.,negative
"Best gadget I have ever used, highly recommend it.",positive
This course arrived damaged and unusable.,negative
The customer service for this vacation was outstanding.,positive
The store has the website in stock again.,neutral
It took some time to set up the camera.,neutral
I can't believe how poorly the tool performs.,negative
This software made everything so much more difficult.,negative
The meeting about the tool is at 3 PM.,neutral
The laptop works great and looks even better.,positive
I had a great time using this hotel today.,positive
The course is overpriced and underdelivers badly.,negative
I'm thrilled with how well the watch performs.,positive
They discussed the app during the conference call.,neutral
She is currently reading a book about history.,neutral
This package is a complete waste of money.,negative
The service is currently being reviewed by the team.,neutral
The software update weighs approximately two kilograms.,neutral
The delivery comes in three different colors.,neutral
The meal weighs approximately two kilograms.,neutral
"Our team won the championship, what an incredible moment!",positive
The camera is priced at fifty dollars.,neutral
The customer support for this camera was awful.,negative
The customer service for this team was outstanding.,positive
The delivery requires two batteries to operate.,neutral
I really hate how this product turned out.,negative
The movie is priced at fifty dollars.,neutral
I have not decided yet whether I like the movie.,neutral
The presentation requires two batteries to operate.,neutral
The team made my day so much better.,positive
The customer support for this device was awful.,negative
Everything about this vacation feels premium and well made.,positive
"Best experience I have ever used, highly recommend it.",positive
"I'm so disappointed with the experience, it barely works.",negative
"Avoid this subscription, it constantly malfunctions.",negative
The book works great and looks even better.,positive
This gadget exceeded all my expectations.,positive
This gadget is the worst I have ever purchased.,negative
"This course is a game changer, thank you so much!",positive
"I'm so happy with this tool, it works perfectly.",positive
"Such a bad experience, the vacation is unreliable.",negative
The delivery has a standard one year warranty.,neutral
There is a new update available for the movie.,neutral
The gadget made my day so much better.,positive
The book weighs approximately two kilograms.,neutral
Everything about this package feels premium and well made.,positive
I can't believe how poorly the laptop performs.,negative
"I absolutely love this delivery, it's amazing!",positive
"Absolutely delighted with the service, five stars.",positive
I really hate how this experience turned out.,negative
I'm thrilled with how well the headphones performs.,positive
Nothing about this device works the way it should.,negative
"Absolutely delighted with the software, five stars.",positive
"Such a bad experience, the team is unreliable.",negative
This watch is a complete waste of money.,negative
This laptop exceeded all my expectations.,positive
The device is overpriced and underdelivers badly.,negative
There is a new update available for the laptop.,neutral
"This product is a game changer, thank you so much!",positive
This app is similar to the previous version.,neutral
The customer service for this experience was outstanding.,positive
Really impressed by the quality of this flight.,positive
It took some time to set up the presentation.,neutral
This book is the worst I have ever purchased.,negative
"Such a bad experience, the gadget is unreliable.",negative
Such a wonderful experience with this course.,positive
"What a fantastic team, truly impressive quality.",positive
I appreciate how easy the phone is to use.,positive
"Best tool I have ever used, highly recommend it.",positive
This delivery exceeded all my expectations.,positive
The delivery works great and looks even better.,positive
The movie made my day so much better.,positive
The report on the tool will be released tomorrow.,neutral
"I'm so disappointed with the meal, it barely works.",negative
The report on the subscription will be released tomorrow.,neutral
The customer support for this movie was awful.,negative
I had a great time using this flight today.,positive
The vacation made my day so much better.,positive
The customer support for this app was awful.,negative
I'm annoyed that the meal stopped working so quickly.,negative
The meeting about the experience is at 3 PM.,neutral
"I regret buying this watch, total disappointment.",negative
This is the best delivery on the market right now.,positive
Such a wonderful experience with this camera.,positive
"Absolutely awful quality, this book fell apart fast.",negative
"Absolutely awful quality, this flight fell apart fast.",negative
I am still testing out the movie this week.,neutral
The store has the flight in stock again.,neutral
I'm annoyed that the presentation stopped working so quickly.,negative
The laptop arrived on Tuesday as scheduled.,neutral
I read the instructions for the watch yesterday.,neutral
"Great job on the service, everything works flawlessly.",positive
The car weighs approximately two kilograms.,neutral
This phone is the worst I have ever purchased.,negative
The customer service for this game was outstanding.,positive
"Absolutely delighted with the headphones, five stars.",positive
"Avoid this gadget, it constantly malfunctions.",negative
I have not decided yet whether I like the game.,neutral
The customer service for this software was outstanding.,positive
"Absolutely delighted with the hotel, five stars.",positive
The phone comes in three different colors.,neutral
I appreciate how easy the hotel is to use.,positive
Really impressed by the quality of this experience.,positive
I'm frustrated because the team keeps failing.,negative
I can't stop smiling because of this laptop.,positive
The meeting about the camera is at 3 PM.,neutral
The meal arrived on Tuesday as scheduled.,neutral
The gadget has a standard one year warranty.,neutral
The report on the car will be released tomorrow.,neutral
I have not decided yet whether I like the experience.,neutral
This service made everything so much more difficult.,negative
I'm thrilled with how well the experience performs.,positive
The watch weighs approximately two kilograms.,neutral
The course works great and looks even better.,positive
The experience is currently being reviewed by the team.,neutral
It took some time to set up the headphones.,neutral
I appreciate how easy the watch is to use.,positive
It took some time to set up the hotel.,neutral
"I'm so happy with this headphones, it works perfectly.",positive
"What a fantastic restaurant, truly impressive quality.",positive
The flight is compatible with most devices.,neutral
This software update is similar to the previous version.,neutral
Such a wonderful experience with this subscription.,positive
I can't believe how poorly the hotel performs.,negative
The software update comes in three different colors.,neutral
The software update requires two batteries to operate.,neutral
The meeting about the meal is at 3 PM.,neutral
I can't stop smiling because of this vacation.,positive
"I regret buying this package, total disappointment.",negative
"What a fantastic flight, truly impressive quality.",positive
The tool broke after just one day of use.,negative
I really hate how this software update turned out.,negative
The store has the software in stock again.,neutral
The customer support for this course was awful.,negative
It took some time to set up the phone.,neutral
The restaurant is compatible with most devices.,neutral
They discussed the package during the conference call.,neutral
I really hate how this presentation turned out.,negative
The subscription is priced at fifty dollars.,neutral
"I absolutely love this hotel, it's amazing!",positive
This team arrived damaged and unusable.,negative
The website is compatible with most devices.,neutral
I'm thrilled with how well the game performs.,positive
I'm thrilled with how well the meal performs.,positive
The experience arrived on Tuesday as scheduled.,neutral
I have not decided yet whether I like the package.,neutral
There is a new update available for the headphones.,neutral
"What a fantastic car, truly impressive quality.",positive
"Absolutely awful quality, this package fell apart fast.",negative
The customer service for this tool was outstanding.,positive
The package is priced at fifty dollars.,neutral
I really hate how this vacation turned out.,negative
Nothing about this tool works the way it should.,negative
This experience made everything so much more difficult.,negative
They discussed the product during the conference call.,neutral
I can't believe how poorly the book performs.,negative
This software update arrived damaged and unusable.,negative
"Such a bad experience, the movie is unreliable.",negative
I read the instructions for the movie yesterday.,neutral
The software made my day so much better.,positive
The website is overpriced and underdelivers badly.,negative
I used the product for about an hour today.,neutral
This is the best restaurant on the market right now.,positive
The headphones broke after just one day of use.,negative
Everything about this team feels premium and well made.,positive
I can't stop smiling because of this headphones.,positive
The customer support for this car was awful.,negative
This restaurant is the worst I have ever purchased.,negative
"This flight is exactly what I needed, perfect!",positive
"I'm so happy with this restaurant, it works perfectly.",positive
Nothing about this car works the way it should.,negative
I have not decided yet whether I like the software update.,neutral
The restaurant made my day so much better.,positive
"This vacation is exactly what I needed, perfect!",positive
The device is compatible with most devices.,neutral
The team works great and looks even better.,positive
I'm frustrated because the service keeps failing.,negative
The software comes in three different colors.,neutral
I read the instructions for the laptop yesterday.,neutral
The store has the phone in stock again.,neutral
The flight is currently being reviewed by the team.,neutral
"Absolutely delighted with the team, five stars.",positive
"Absolutely awful quality, this experience fell apart fast.",negative
The presentation made my day so much better.,positive
"This phone is exactly what I needed, perfect!",positive
Everything about this software feels premium and well made.,positive
"I'm so disappointed with the presentation, it barely works.",negative
I'm annoyed that the car stopped working so quickly.,negative
I really hate how this tool turned out.,negative
The customer support for this hotel was awful.,negative
The headphones weighs approximately two kilograms.,neutral
The customer support for this laptop was awful.,negative
The software update was delivered in a plain box.,neutral
I read the instructions for the camera yesterday.,neutral
The product comes in three different colors.,neutral
"What a fantastic software update, truly impressive quality.",positive
I'm frustrated because the car keeps failing.,negative
"I regret buying this service, total disappointment.",negative
"Absolutely delighted with the laptop, five stars.",positive
I used the restaurant for about an hour today.,neutral
"I'm so disappointed with the gadget, it barely works.",negative
I really hate how this flight turned out.,negative
The headphones arrived on Tuesday as scheduled.,neutral
I'm thrilled with how well the gadget performs.,positive
Nothing about this book works the way it should.,negative
"Avoid this presentation, it constantly malfunctions.",negative
"Best presentation I have ever used, highly recommend it.",positive
This course exceeded all my expectations.,positive
The vacation is overpriced and underdelivers badly.,negative
The experience left me feeling angry and cheated.,negative
"What a fantastic course, truly impressive quality.",positive
The movie left me feeling angry and cheated.,negative
The experience was delivered in a plain box.,neutral
The store has the software update in stock again.,neutral
This camera made everything so much more difficult.,negative
This presentation is the worst I have ever purchased.,negative
The device made my day so much better.,positive
The meeting about the product is at 3 PM.,neutral
I'm thrilled with how well the flight performs.,positive
"Avoid this software update, it constantly malfunctions.",negative
There is a new update available for the meal.,neutral
The presentation weighs approximately two kilograms.,neutral
Such a wonderful experience with this delivery.,positive
Everything about this laptop feels premium and well made.,positive
The device was delivered in a plain box.,neutral
The traffic today was absolutely infuriating.,negative
It took some time to set up the product.,neutral
Nothing about this meal works the way it should.,negative
I really hate how this app turned out.,negative
The service is priced at fifty dollars.,neutral
The software works great and looks even better.,positive
I appreciate how easy the headphones is to use.,positive
Such a wonderful experience with this service.,positive
I am still testing out the delivery this week.,neutral
"Such a bad experience, the software update is unreliable.",negative
"Terrible experience with this website, would not recommend.",negative
They discussed the presentation during the conference call.,neutral
There is a new update available for the car.,neutral
This package made everything so much more difficult.,negative
The product has a standard one year warranty.,neutral
The software update left me feeling angry and cheated.,negative
They discussed the movie during the conference call.,neutral
The customer service for this presentation was outstanding.,positive
They discussed the vacation during the conference call.,neutral
The customer service for this delivery was outstanding.,positive
I'm frustrated because the software update keeps failing.,negative
This hotel is a complete waste of money.,negative
"Absolutely awful quality, this software fell apart fast.",negative
The watch made my day so much better.,positive
"I absolutely love this game, it's amazing!",positive
The meal made my day so much better.,positive
I used the package for about an hour today.,neutral
"Great job on the flight, everything works flawlessly.",positive
I'm frustrated because the headphones keeps failing.,negative
"I'm so disappointed with the team, it barely works.",negative
The game comes in three different colors.,neutral
"Great job on the delivery, everything works flawlessly.",positive
"I'm so disappointed with the app, it barely works.",negative
"What a fantastic delivery, truly impressive quality.",positive
This laptop made everything so much more difficult.,negative
Really impressed by the quality of this car.,positive
I can't believe how poorly the restaurant performs.,negative
I'm frustrated because the package keeps failing.,negative
The customer support for this book was awful.,negative
The report on the product will be released tomorrow.,neutral
Really impressed by the quality of this delivery.,positive
"What a fantastic package, truly impressive quality.",positive
"Such a bad experience, the app is unreliable.",negative
This is the best meal on the market right now.,positive
"This device is a game changer, thank you so much!",positive
The meeting about the service is at 3 PM.,neutral
I have not decided yet whether I like the restaurant.,neutral
The subscription broke after just one day of use.,negative
"This package is exactly what I needed, perfect!",positive
The customer service for this subscription was outstanding.,positive
It took some time to set up the service.,neutral
I'm thrilled with how well the vacation performs.,positive
The headphones is currently being reviewed by the team.,neutral
The vacation is compatible with most devices.,neutral
The software is priced at fifty dollars.,neutral
This flight made everything so much more difficult.,negative
This gadget is similar to the previous version.,neutral
I can't stop smiling because of this website.,positive
"Absolutely delighted with the flight, five stars.",positive
Everything about this service feels premium and well made.,positive
I had a great time using this tool today.,positive
The movie arrived on Tuesday as scheduled.,neutral
I'm grateful for all the support I've received.,positive
The camera is overpriced and underdelivers badly.,negative
There is a new update available for the restaurant.,neutral
"I absolutely love this service, it's amazing!",positive
I am still testing out the software this week.,neutral
The device has a standard one year warranty.,neutral
The watch works great and looks even better.,positive
The customer service for this meal was outstanding.,positive
"I absolutely love this movie, it's amazing!",positive
"This game is a game changer, thank you so much!",positive
Really impressed by the quality of this book.,positive
"This delivery is a game changer, thank you so much!",positive
This car exceeded all my expectations.,positive
Really impressed by the quality of this app.,positive
"Great job on the app, everything works flawlessly.",positive
This restaurant is a complete waste of money.,negative
"What a fantastic camera, truly impressive quality.",positive
I'm exhausted and nothing seems to be going right.,negative
"Such a bad experience, the delivery is unreliable.",negative
The customer support for this game was awful.,negative
The product requires two batteries to operate.,neutral
The package was delivered in a plain box.,neutral
"Absolutely delighted with the subscription, five stars.",positive
There is a new update available for the app.,neutral
The device is priced at fifty dollars.,neutral
The restaurant broke after just one day of use.,negative
I am still testing out the website this week.,neutral
I can't believe how poorly the flight performs.,negative
Everything about this course feels premium and well made.,positive
"Such a bad experience, the experience is unreliable.",negative
"Absolutely awful quality, this vacation fell apart fast.",negative
The laptop comes in three different colors.,neutral
"Absolutely delighted with the camera, five stars.",positive
This watch made everything so much more difficult.,negative
I appreciate how easy the camera is to use.,positive
This laptop is the worst I have ever purchased.,negative
The app has a standard one year warranty.,neutral
The customer service for this device was outstanding.,positive
"Absolutely delighted with the software update, five stars.",positive
I am still testing out the product this week.,neutral
The customer service for this package was outstanding.,positive
I'm thrilled with how well the course performs.,positive
"The game was a huge letdown, poor quality overall.",negative
The report on the device will be released tomorrow.,neutral
This experience is the worst I have ever purchased.,negative
"Absolutely delighted with the product, five stars.",positive
Really impressed by the quality of this website.,positive
Everything about this gadget feels premium and well made.,positive
"Absolutely awful quality, this tool fell apart fast.",negative
I appreciate how easy the software is to use.,positive
"I'm so disappointed with the course, it barely works.",negative
The store has the course in stock again.,neutral
This vacation is the worst I have ever purchased.,negative
The file was saved to the shared folder.,neutral
I read the instructions for the restaurant yesterday.,neutral
"This watch is a game changer, thank you so much!",positive
The book is compatible with most devices.,neutral
The report on the team will be released tomorrow.,neutral
I really hate how this device turned out.,negative
This subscription is the worst I have ever purchased.,negative
"Best restaurant I have ever used, highly recommend it.",positive
"This service is exactly what I needed, perfect!",positive
Everything about this car feels premium and well made.,positive
"I absolutely love this gadget, it's amazing!",positive
"This laptop is a game changer, thank you so much!",positive
The product is overpriced and underdelivers badly.,negative
"What a fantastic gadget, truly impressive quality.",positive
This is the best experience on the market right now.,positive
The laptop was delivered in a plain box.,neutral
The car is compatible with most devices.,neutral
"I regret buying this website, total disappointment.",negative
"Best subscription I have ever used, highly recommend it.",positive
I can't believe how poorly the phone performs.,negative
I'm thrilled with how well the app performs.,positive
The software is currently being reviewed by the team.,neutral
The report on the book will be released tomorrow.,neutral
"The product was a huge letdown, poor quality overall.",negative
I can't believe how poorly the app performs.,negative
I used the phone for about an hour today.,neutral
The book is overpriced and underdelivers badly.,negative
"Avoid this laptop, it constantly malfunctions.",negative
The team is priced at fifty dollars.,neutral
This tool is a complete waste of money.,negative
I am still testing out the service this week.,neutral
I had a great time using this subscription today.,positive
I'm thrilled with how well the service performs.,positive
I had a great time using this team today.,positive
The game broke after just one day of use.,negative
I appreciate how easy the app is to use.,positive
"Such a bad experience, the subscription is unreliable.",negative
I am still testing out the course this week.,neutral
The software update arrived on Tuesday as scheduled.,neutral
"I absolutely love this app, it's amazing!",positive
"I absolutely love this restaurant, it's amazing!",positive
"Terrible experience with this software update, would not recommend.",negative
The customer service for this course was outstanding.,positive
This book is a complete waste of money.,negative
The headphones left me feeling angry and cheated.,negative
The movie comes in three different colors.,neutral
I appreciate how easy the product is to use.,positive
"I feel great today, everything is going smoothly.",positive
"This movie is a game changer, thank you so much!",positive
The experience is priced at fifty dollars.,neutral
"I absolutely love this team, it's amazing!",positive
The software update broke after just one day of use.,negative
This is the best headphones on the market right now.,positive
I can't believe how poorly the presentation performs.,negative
"Absolutely awful quality, this device fell apart fast.",negative
I used the software for about an hour today.,neutral
The customer service for this app was outstanding.,positive
This presentation is similar to the previous version.,neutral
This laptop is similar to the previous version.,neutral
The weather is beautiful and I'm enjoying my walk.,positive
"Terrible experience with this service, would not recommend.",negative
The gadget arrived on Tuesday as scheduled.,neutral
"I absolutely love this book, it's amazing!",positive
"Great job on the camera, everything works flawlessly.",positive
I have not decided yet whether I like the tool.,neutral
"I absolutely love this subscription, it's amazing!",positive
Such a wonderful experience with this restaurant.,positive
Everything about this app feels premium and well made.,positive
This watch exceeded all my expectations.,positive
This service is the worst I have ever purchased.,negative
"I'm so happy with this camera, it works perfectly.",positive
Such a wonderful experience with this package.,positive
This subscription exceeded all my expectations.,positive
"This presentation is a game changer, thank you so much!",positive
"This service is a game changer, thank you so much!",positive
"What a fantastic phone, truly impressive quality.",positive
The book is currently being reviewed by the team.,neutral
The team is compatible with most devices.,neutral
I have not decided yet whether I like the website.,neutral
"Best game I have ever used, highly recommend it.",positive
I read the instructions for the software update yesterday.,neutral
The app was delivered in a plain box.,neutral
I'm annoyed that the software update stopped working so quickly.,negative
"Best watch I have ever used, highly recommend it.",positive
The store has the device in stock again.,neutral
I really hate how this laptop turned out.,negative
This headphones exceeded all my expectations.,positive
This restaurant arrived damaged and unusable.,negative
This is the best website on the market right now.,positive
"This software update is a game changer, thank you so much!",positive
I used the device for about an hour today.,neutral
"Terrible experience with this gadget, would not recommend.",negative
I'm frustrated because the phone keeps failing.,negative
The report on the camera will be released tomorrow.,neutral
This is the best tool on the market right now.,positive
The phone is currently being reviewed by the team.,neutral
I'm frustrated because the laptop keeps failing.,negative
The service arrived on Tuesday as scheduled.,neutral
The headphones works great and looks even better.,positive
The car is overpriced and underdelivers badly.,negative
I have not decided yet whether I like the software.,neutral
This gadget arrived damaged and unusable.,negative
The report on the service will be released tomorrow.,neutral
The software update is currently being reviewed by the team.,neutral
"Best phone I have ever used, highly recommend it.",positive
The presentation is overpriced and underdelivers badly.,negative
I really hate how this software turned out.,negative
"I'm so happy with this app, it works perfectly.",positive
The restaurant comes in three different colors.,neutral
The customer support for this subscription was awful.,negative
This package arrived damaged and unusable.,negative
I can't stop smiling because of this device.,positive
I'm thrilled with how well the hotel performs.,positive
This movie is similar to the previous version.,neutral
I can't believe they treated us so poorly.,negative
Such a wonderful experience with this vacation.,positive
I can't believe how poorly the website performs.,negative
This is the best car on the market right now.,positive
The gadget broke after just one day of use.,negative
"Terrible experience with this restaurant, would not recommend.",negative
They discussed the restaurant during the conference call.,neutral
This tool is the worst I have ever purchased.,negative
There is a new update available for the book.,neutral
This presentation is a complete waste of money.,negative
"I'm so happy with this flight, it works perfectly.",positive
This game exceeded all my expectations.,positive
"What a fantastic movie, truly impressive quality.",positive
I can't stop smiling because of this gadget.,positive
This software update exceeded all my expectations.,positive
Really impressed by the quality of this movie.,positive
"Best software I have ever used, highly recommend it.",positive
"I regret buying this hotel, total disappointment.",negative
"The software was a huge letdown, poor quality overall.",negative
I can't stop smiling because of this service.,positive
"What a fantastic watch, truly impressive quality.",positive
The vacation requires two batteries to operate.,neutral
I have not decided yet whether I like the camera.,neutral
"What a fantastic game, truly impressive quality.",positive
"Best flight I have ever used, highly recommend it.",positive
"The app was a huge letdown, poor quality overall.",negative
Really impressed by the quality of this laptop.,positive
Nothing about this gadget works the way it should.,negative
The tool is priced at fifty dollars.,neutral
The headphones made my day so much better.,positive
"Great job on the software, everything works flawlessly.",positive
"Absolutely delighted with the experience, five stars.",positive
I am still testing out the book this week.,neutral
There is a new update available for the delivery.,neutral
The service has a standard one year warranty.,neutral
"I'm so happy with this book, it works perfectly.",positive
"Thanks a lot, this really made my week better.",positive
The meeting about the watch is at 3 PM.,neutral
"Terrible experience with this presentation, would not recommend.",negative
"I'm so happy with this game, it works perfectly.",positive
"Absolutely delighted with the device, five stars.",positive
"Best device I have ever used, highly recommend it.",positive
The meal is overpriced and underdelivers badly.,negative
"Such a bad experience, the product is unreliable.",negative
I read the instructions for the delivery yesterday.,neutral
I'm annoyed that the website stopped working so quickly.,negative
This movie arrived damaged and unusable.,negative
"I regret buying this delivery, total disappointment.",negative
The game weighs approximately two kilograms.,neutral
The vacation is priced at fifty dollars.,neutral
I appreciate how easy the presentation is to use.,positive
"This subscription is a game changer, thank you so much!",positive
"Great job on the team, everything works flawlessly.",positive
The report on the course will be released tomorrow.,neutral
"I'm so happy with this team, it works perfectly.",positive
"I regret buying this product, total disappointment.",negative
The website comes in three different colors.,neutral
"Great job on the car, everything works flawlessly.",positive
"Terrible experience with this software, would not recommend.",negative
"I'm so happy with this product, it works perfectly.",positive
This service exceeded all my expectations.,positive
"Terrible experience with this package, would not recommend.",negative
"Such a bad experience, the car is unreliable.",negative
"Absolutely delighted with the presentation, five stars.",positive
This experience is similar to the previous version.,neutral
They discussed the watch during the conference call.,neutral
The camera left me feeling angry and cheated.,negative
"I absolutely love this phone, it's amazing!",positive
The customer support for this tool was awful.,negative
"Best software update I have ever used, highly recommend it.",positive
The car is currently being reviewed by the team.,neutral
The camera comes in three different colors.,neutral
This phone arrived damaged and unusable.,negative
The experience is compatible with most devices.,neutral
The flight weighs approximately two kilograms.,neutral
The book has a standard one year warranty.,neutral
The app is currently being reviewed by the team.,neutral
The website left me feeling angry and cheated.,negative
This game is the worst I have ever purchased.,negative
"This device is exactly what I needed, perfect!",positive
I'm annoyed that the experience stopped working so quickly.,negative
The watch is currently being reviewed by the team.,neutral
"I'm so happy with this device, it works perfectly.",positive
The presentation comes in three different colors.,neutral
The tool is currently being reviewed by the team.,neutral
The camera was delivered in a plain box.,neutral
"Best app I have ever used, highly recommend it.",positive
There is a new update available for the game.,neutral
This movie is a complete waste of money.,negative
"This website is a game changer, thank you so much!",positive
"What a fantastic subscription, truly impressive quality.",positive
The report on the software will be released tomorrow.,neutral
I appreciate how easy the website is to use.,positive
The presentation left me feeling angry and cheated.,negative
I can't believe how poorly the software update performs.,negative
This presentation made everything so much more difficult.,negative
Nothing about this vacation works the way it should.,negative
They discussed the tool during the conference call.,neutral
"I absolutely love this car, it's amazing!",positive
"Absolutely delighted with the vacation, five stars.",positive
This delivery is similar to the previous version.,neutral
"Great job on the headphones, everything works flawlessly.",positive
The game requires two batteries to operate.,neutral
I appreciate how easy the vacation is to use.,positive
I read the instructions for the software yesterday.,neutral
I read the instructions for the gadget yesterday.,neutral
I'm annoyed that the restaurant stopped working so quickly.,negative
The software update has a standard one year warranty.,neutral
The hotel works great and looks even better.,positive
This tool made everything so much more difficult.,negative
The store has the presentation in stock again.,neutral
I had a great time using this meal today.,positive
The meeting about the package is at 3 PM.,neutral
This game made everything so much more difficult.,negative
There is a new update available for the presentation.,neutral
The meeting about the course is at 3 PM.,neutral
This is the best vacation on the market right now.,positive
This book is similar to the previous version.,neutral
"I'm so disappointed with the game, it barely works.",negative
"Such a bad experience, the flight is unreliable.",negative
The course is compatible with most devices.,neutral
I appreciate how easy the game is to use.,positive
The book comes in three different colors.,neutral
"I regret buying this course, total disappointment.",negative
Such a wonderful experience with this team.,positive
The book is priced at fifty dollars.,neutral
I have not decided yet whether I like the service.,neutral
The meeting about the headphones is at 3 PM.,neutral
The headphones is compatible with most devices.,neutral
The hotel is priced at fifty dollars.,neutral
"Such a bad experience, the watch is unreliable.",negative
This hotel is the worst I have ever purchased.,negative
This device is the worst I have ever purchased.,negative
This experience arrived damaged and unusable.,negative
I can't believe how poorly the game performs.,negative
The headphones requires two batteries to operate.,neutral
"Best package I have ever used, highly recommend it.",positive
The product was delivered in a plain box.,neutral
The restaurant is currently being reviewed by the team.,neutral
The course comes in three different colors.,neutral
I'm frustrated because the gadget keeps failing.,negative
This team exceeded all my expectations.,positive
"What a fantastic website, truly impressive quality.",positive
They discussed the phone during the conference call.,neutral
The store has the service in stock again.,neutral
This watch arrived damaged and unusable.,negative
The website was delivered in a plain box.,neutral
I had a great time using this gadget today.,positive
The restaurant is overpriced and underdelivers badly.,negative
Such a wonderful experience with this watch.,positive
I appreciate how easy the experience is to use.,positive
The product is compatible with most devices.,neutral
The gadget requires two batteries to operate.,neutral
The delivery was delivered in a plain box.,neutral
"Avoid this package, it constantly malfunctions.",negative
The subscription works great and looks even better.,positive
"The watch was a huge letdown, poor quality overall.",negative
"I'm so disappointed with the delivery, it barely works.",negative
I used the software update for about an hour today.,neutral
The software update made my day so much better.,positive
They discussed the car during the conference call.,neutral
This software exceeded all my expectations.,positive
This tool is similar to the previous version.,neutral
"I'm so happy with this phone, it works perfectly.",positive
The vacation left me feeling angry and cheated.,negative
The movie requires two batteries to operate.,neutral
This service is a complete waste of money.,negative
The report on the website will be released tomorrow.,neutral
They discussed the headphones during the conference call.,neutral
This device is a complete waste of money.,negative
"Absolutely awful quality, this delivery fell apart fast.",negative
I had a great time using this package today.,positive
Such a wonderful experience with this software.,positive
The delivery is currently being reviewed by the team.,neutral
"I absolutely love this presentation, it's amazing!",positive
"Terrible experience with this headphones, would not recommend.",negative
I can't believe how poorly the camera performs.,negative
The store has the headphones in stock again.,neutral
The package made my day so much better.,positive
"I'm so disappointed with the tool, it barely works.",negative
I read the instructions for the game yesterday.,neutral
I had a great time using this course today.,positive
The store has the tool in stock again.,neutral
The report on the watch will be released tomorrow.,neutral
The game is compatible with most devices.,neutral
Everything about this watch feels premium and well made.,positive
The phone weighs approximately two kilograms.,neutral
I used the team for about an hour today.,neutral
"This gadget is a game changer, thank you so much!",positive
The meeting about the game is at 3 PM.,neutral
"I regret buying this presentation, total disappointment.",negative
They discussed the camera during the conference call.,neutral
"Terrible experience with this subscription, would not recommend.",negative
"I regret buying this gadget, total disappointment.",negative
The store has the product in stock again.,neutral
I really hate how this car turned out.,negative
I am still testing out the headphones this week.,neutral
"I'm so happy with this delivery, it works perfectly.",positive
The service left me feeling angry and cheated.,negative
Really impressed by the quality of this presentation.,positive
They discussed the team during the conference call.,neutral
The product is currently being reviewed by the team.,neutral
The flight requires two batteries to operate.,neutral
The store has the watch in stock again.,neutral
The presentation is compatible with most devices.,neutral
This product is a complete waste of money.,negative
This software update is a complete waste of money.,negative
"Terrible experience with this app, would not recommend.",negative
The device requires two batteries to operate.,neutral
This book arrived damaged and unusable.,negative
There is a new update available for the hotel.,neutral
The meeting about the device is at 3 PM.,neutral
This team is similar to the previous version.,neutral
The product works great and looks even better.,positive
"Great job on the gadget, everything works flawlessly.",positive
"Best headphones I have ever used, highly recommend it.",positive
"Absolutely delighted with the gadget, five stars.",positive
"This movie is exactly what I needed, perfect!",positive
The experience made my day so much better.,positive
The software update is compatible with most devices.,neutral
"Such a bad experience, the service is unreliable.",negative
"I'm so disappointed with the flight, it barely works.",negative
"Terrible experience with this delivery, would not recommend.",negative
Everything about this subscription feels premium and well made.,positive
"Best laptop I have ever used, highly recommend it.",positive
The app requires two batteries to operate.,neutral
The game is overpriced and underdelivers badly.,negative
"Avoid this software, it constantly malfunctions.",negative
I'm thrilled with how well the software performs.,positive
This restaurant exceeded all my expectations.,positive
"I regret buying this restaurant, total disappointment.",negative
The app comes in three different colors.,neutral
I can't believe how poorly the service performs.,negative
"Terrible experience with this phone, would not recommend.",negative
The watch is priced at fifty dollars.,neutral
Nothing about this app works the way it should.,negative
The meeting about the delivery is at 3 PM.,neutral
I can't stop smiling because of this course.,positive
I read the instructions for the package yesterday.,neutral
The restaurant works great and looks even better.,positive
The headphones comes in three different colors.,neutral
The hotel weighs approximately two kilograms.,neutral
I can't believe how poorly the product performs.,negative
The meeting about the software is at 3 PM.,neutral
"This software update is exactly what I needed, perfect!",positive
The report on the delivery will be released tomorrow.,neutral
The headphones was delivered in a plain box.,neutral
This tool arrived damaged and unusable.,negative
The camera arrived on Tuesday as scheduled.,neutral
"I'm so happy with this gadget, it works perfectly.",positive
"This team is exactly what I needed, perfect!",positive
The product left me feeling angry and cheated.,negative
The car is priced at fifty dollars.,neutral
The product arrived on Tuesday as scheduled.,neutral
The course left me feeling angry and cheated.,negative
"Best vacation I have ever used, highly recommend it.",positive
There is a new update available for the software.,neutral
I'm frustrated because the game keeps failing.,negative
The hotel left me feeling angry and cheated.,negative
The service weighs approximately two kilograms.,neutral
I had a great time using this delivery today.,positive
"I'm so disappointed with the camera, it barely works.",negative
"I absolutely love this course, it's amazing!",positive
"This restaurant is exactly what I needed, perfect!",positive
I'm thrilled with how well the device performs.,positive
I am still testing out the camera this week.,neutral
The meal is currently being reviewed by the team.,neutral
This phone is similar to the previous version.,neutral
"I regret buying this team, total disappointment.",negative
"Avoid this movie, it constantly malfunctions.",negative
The vacation comes in three different colors.,neutral
There is a new update available for the course.,neutral
The car made my day so much better.,positive
The subscription requires two batteries to operate.,neutral
Nothing about this restaurant works the way it should.,negative
"Great job on the watch, everything works flawlessly.",positive
Such a wonderful experience with this movie.,positive
"Avoid this car, it constantly malfunctions.",negative
The package is compatible with most devices.,neutral
This is the best movie on the market right now.,positive
It took some time to set up the subscription.,neutral
The delivery weighs approximately two kilograms.,neutral
"Such a bad experience, the game is unreliable.",negative
The course weighs approximately two kilograms.,neutral
This camera is a complete waste of money.,negative
I really hate how this service turned out.,negative
"Terrible experience with this tool, would not recommend.",negative
The temperature today is around twenty degrees.,neutral
This is the best course on the market right now.,positive
"I absolutely love this software update, it's amazing!",positive
Such a wonderful experience with this experience.,positive
"I'm so disappointed with the watch, it barely works.",negative
This camera arrived damaged and unusable.,negative
Such a wonderful experience with this hotel.,positive
"Absolutely delighted with the course, five stars.",positive
The tool works great and looks even better.,positive
"This book is a game changer, thank you so much!",positive
I read the instructions for the course yesterday.,neutral
I really hate how this team turned out.,negative
Nothing about this subscription works the way it should.,negative
It took some time to set up the meal.,neutral
"Absolutely awful quality, this hotel fell apart fast.",negative
"I'm so happy with this service, it works perfectly.",positive
It took some time to set up the delivery.,neutral
I am still testing out the flight this week.,neutral
The report on the game will be released tomorrow.,neutral
Nothing about this camera works the way it should.,negative
The delivery broke after just one day of use.,negative
This restaurant is similar to the previous version.,neutral
The software update is overpriced and underdelivers badly.,negative
It took some time to set up the restaurant.,neutral
The service made my day so much better.,positive
The report on the package will be released tomorrow.,neutral
I'm annoyed that the flight stopped working so quickly.,negative
I feel ignored and frustrated by the whole process.,negative
I have not decided yet whether I like the car.,neutral
Everything about this hotel feels premium and well made.,positive
This website is similar to the previous version.,neutral
I really hate how this game turned out.,negative
The movie broke after just one day of use.,negative
This laptop arrived damaged and unusable.,negative
"I'm so disappointed with the phone, it barely works.",negative
I had a great time using this book today.,positive
Really impressed by the quality of this package.,positive
They discussed the laptop during the conference call.,neutral
The car has a standard one year warranty.,neutral
I have not decided yet whether I like the meal.,neutral
This is the best app on the market right now.,positive
I used the service for about an hour today.,neutral
This app is the worst I have ever purchased.,negative
The watch is overpriced and underdelivers badly.,negative
They discussed the hotel during the conference call.,neutral
I have not decided yet whether I like the hotel.,neutral
"I'm so happy with this experience, it works perfectly.",positive
The meeting about the flight is at 3 PM.,neutral
The report on the laptop will be released tomorrow.,neutral
The flight was delivered in a plain box.,neutral
"I'm so happy with this vacation, it works perfectly.",positive
I used the experience for about an hour today.,neutral
The laptop left me feeling angry and cheated.,negative
I used the movie for about an hour today.,neutral
I appreciate how easy the car is to use.,positive
"Great job on the presentation, everything works flawlessly.",positive
I used the subscription for about an hour today.,neutral
The store has the movie in stock again.,neutral
The game was delivered in a plain box.,neutral
There is a new update available for the experience.,neutral
This camera exceeded all my expectations.,positive
I can't believe how poorly the team performs.,negative
It took some time to set up the laptop.,neutral
The restaurant requires two batteries to operate.,neutral
The tool weighs approximately two kilograms.,neutral
I really hate how this package turned out.,negative
"This is unacceptable, I want a refund immediately.",negative
"I absolutely love this product, it's amazing!",positive
It took some time to set up the website.,neutral
I'm annoyed that the tool stopped working so quickly.,negative
"Great job on the tool, everything works flawlessly.",positive
Nothing about this phone works the way it should.,negative
I can't believe how poorly the subscription performs.,negative
"Absolutely delighted with the tool, five stars.",positive
It took some time to set up the game.,neutral
I am still testing out the team this week.,neutral
The team was delivered in a plain box.,neutral
The flight is overpriced and underdelivers badly.,negative
The customer service for this product was outstanding.,positive
This headphones is the worst I have ever purchased.,negative
"The delivery was a huge letdown, poor quality overall.",negative
The customer service for this website was outstanding.,positive
"What a fantastic vacation, truly impressive quality.",positive
They discussed the software during the conference call.,neutral
I really hate how this website turned out.,negative
Everything about this product feels premium and well made.,positive
This flight exceeded all my expectations.,positive
"The website was a huge letdown, poor quality overall.",negative
The meeting about the restaurant is at 3 PM.,neutral
The tool was delivered in a plain box.,neutral
This team is the worst I have ever purchased.,negative
The movie has a standard one year warranty.,neutral
They discussed the experience during the conference call.,neutral
The flight works great and looks even better.,positive
The course is priced at fifty dollars.,neutral
I used the tool for about an hour today.,neutral
"This car is exactly what I needed, perfect!",positive
This is the best laptop on the market right now.,positive
The customer service for this flight was outstanding.,positive
"I absolutely love this package, it's amazing!",positive
The gadget comes in three different colors.,neutral
This movie exceeded all my expectations.,positive
I read the instructions for the app yesterday.,neutral
The watch was delivered in a plain box.,neutral
The subscription is overpriced and underdelivers badly.,negative
"This watch is exactly what I needed, perfect!",positive
I read the instructions for the flight yesterday.,neutral
This is the best team on the market right now.,positive
The software weighs approximately two kilograms.,neutral
I am still testing out the game this week.,neutral
The vacation is currently being reviewed by the team.,neutral
"Great job on the movie, everything works flawlessly.",positive
"The restaurant was a huge letdown, poor quality overall.",negative
The watch has a standard one year warranty.,neutral
I have not decided yet whether I like the product.,neutral
I can't believe how poorly the car performs.,negative
I had a great time using this car today.,positive
The product made my day so much better.,positive
The laptop is priced at fifty dollars.,neutral
There is a new update available for the website.,neutral
The meal broke after just one day of use.,negative
The subscription arrived on Tuesday as scheduled.,neutral
The subscription comes in three different colors.,neutral
"The software update was a huge letdown, poor quality overall.",negative
Really impressed by the quality of this vacation.,positive
The app left me feeling angry and cheated.,negative
"I absolutely love this watch, it's amazing!",positive
"What a fantastic book, truly impressive quality.",positive
"Terrible experience with this experience, would not recommend.",negative
"I'm so disappointed with the package, it barely works.",negative
"Absolutely awful quality, this presentation fell apart fast.",negative
I read the instructions for the team yesterday.,neutral
The flight is priced at fifty dollars.,neutral
"Absolutely awful quality, this gadget fell apart fast.",negative
I can't stop smiling because of this hotel.,positive
The vacation has a standard one year warranty.,neutral
It took some time to set up the app.,neutral
"Absolutely awful quality, this headphones fell apart fast.",negative
This software update made everything so much more difficult.,negative
The restaurant arrived on Tuesday as scheduled.,neutral
I can't stop smiling because of this phone.,positive
The customer service for this laptop was outstanding.,positive
I had a great time using this camera today.,positive
This presentation arrived damaged and unusable.,negative
I'm annoyed that the course stopped working so quickly.,negative
The customer support for this team was awful.,negative
The customer support for this product was awful.,negative
This is the best book on the market right now.,positive
The office will be closed on public holidays.,neutral
I am still testing out the package this week.,neutral
The experience works great and looks even better.,positive
The book made my day so much better.,positive
This website is a complete waste of money.,negative
The subscription is currently being reviewed by the team.,neutral
"I absolutely love this camera, it's amazing!",positive
I am still testing out the software update this week.,neutral
"This is wonderful news, congratulations to everyone involved.",positive
Really impressed by the quality of this restaurant.,positive
I used the presentation for about an hour today.,neutral
"I regret buying this software update, total disappointment.",negative
It took some time to set up the vacation.,neutral
"Absolutely awful quality, this movie fell apart fast.",negative
The store has the vacation in stock again.,neutral
"Avoid this course, it constantly malfunctions.",negative
I'm thrilled with how well the website performs.,positive
I have not decided yet whether I like the watch.,neutral
"I regret buying this tool, total disappointment.",negative
"This headphones is a game changer, thank you so much!",positive
"I absolutely love this experience, it's amazing!",positive
The app is overpriced and underdelivers badly.,negative
"Absolutely delighted with the watch, five stars.",positive
"Absolutely awful quality, this car fell apart fast.",negative
I'm frustrated because the software keeps failing.,negative
"This package is a game changer, thank you so much!",positive
This book exceeded all my expectations.,positive
The meeting about the vacation is at 3 PM.,neutral
The subscription is compatible with most devices.,neutral
I'm frustrated because the delivery keeps failing.,negative
The package works great and looks even better.,positive
This subscription arrived damaged and unusable.,negative
"Absolutely awful quality, this team fell apart fast.",negative
The team comes in three different colors.,neutral
This restaurant made everything so much more difficult.,negative
I used the car for about an hour today.,neutral
I'm annoyed that the device stopped working so quickly.,negative
I really hate how this delivery turned out.,negative
They discussed the delivery during the conference call.,neutral
"The movie was a huge letdown, poor quality overall.",negative
The customer support for this meal was awful.,negative
The hotel broke after just one day of use.,negative
I can't believe how poorly the delivery performs.,negative
I have not decided yet whether I like the flight.,neutral
The hotel made my day so much better.,positive
The store has the experience in stock again.,neutral
The camera is currently being reviewed by the team.,neutral
The course was delivered in a plain box.,neutral
This headphones arrived damaged and unusable.,negative
The book requires two batteries to operate.,neutral
I read the instructions for the website yesterday.,neutral
The app made my day so much better.,positive
This phone made everything so much more difficult.,negative
The software is overpriced and underdelivers badly.,negative
I had a great time using this vacation today.,positive
The subscription has a standard one year warranty.,neutral
This flight is a complete waste of money.,negative
The hotel is overpriced and underdelivers badly.,negative
"I'm so happy with this website, it works perfectly.",positive
Nothing about this movie works the way it should.,negative
Nothing about this service works the way it should.,negative
Everything about this camera feels premium and well made.,positive
The phone is overpriced and underdelivers badly.,negative
They discussed the service during the conference call.,neutral
This tool exceeded all my expectations.,positive
The laptop made my day so much better.,positive
"This website is exactly what I needed, perfect!",positive
"Absolutely awful quality, this product fell apart fast.",negative
I can't stop smiling because of this team.,positive
"Avoid this meal, it constantly malfunctions.",negative
The game has a standard one year warranty.,neutral
"Such a bad experience, the headphones is unreliable.",negative
"I absolutely love this software, it's amazing!",positive
It took some time to set up the gadget.,neutral
The gadget is overpriced and underdelivers badly.,negative
I am still testing out the hotel this week.,neutral
The app works great and looks even better.,positive
"Great job on the website, everything works flawlessly.",positive
"Terrible experience with this book, would not recommend.",negative
The experience requires two batteries to operate.,neutral
"Such a bad experience, the laptop is unreliable.",negative
The hotel requires two batteries to operate.,neutral
"Avoid this camera, it constantly malfunctions.",negative
The tool arrived on Tuesday as scheduled.,neutral
Such a wonderful experience with this headphones.,positive
I'm annoyed that the movie stopped working so quickly.,negative
"Great job on the software update, everything works flawlessly.",positive
"Terrible experience with this laptop, would not recommend.",negative
"The presentation was a huge letdown, poor quality overall.",negative
The phone made my day so much better.,positive
The software update works great and looks even better.,positive
I used the hotel for about an hour today.,neutral
He walked to the store and bought some bread.,neutral
"Avoid this game, it constantly malfunctions.",negative
Really impressed by the quality of this hotel.,positive
I read the instructions for the presentation yesterday.,neutral
I had a great time using this software today.,positive
I can't believe how poorly the software performs.,negative
The laptop is currently being reviewed by the team.,neutral
"What a fantastic experience, truly impressive quality.",positive
I'm annoyed that the book stopped working so quickly.,negative
The meal left me feeling angry and cheated.,negative
"This game is exactly what I needed, perfect!",positive
The store has the gadget in stock again.,neutral
"Avoid this book, it constantly malfunctions.",negative
I used the vacation for about an hour today.,neutral
This software update is the worst I have ever purchased.,negative
The website works great and looks even better.,positive
"Terrible experience with this vacation, would not recommend.",negative
I can't stop smiling because of this restaurant.,positive
They discussed the book during the conference call.,neutral
I really hate how this gadget turned out.,negative
The software arrived on Tuesday as scheduled.,neutral
"What a fantastic tool, truly impressive quality.",positive
The laptop weighs approximately two kilograms.,neutral
This product arrived damaged and unusable.,negative
The meal is priced at fifty dollars.,neutral
I can't stop smiling because of this watch.,positive
The website requires two batteries to operate.,neutral
I'm thrilled with how well the car performs.,positive
I'm thrilled with how well the tool performs.,positive
I can't believe how poorly the package performs.,negative
"This hotel is exactly what I needed, perfect!",positive
"What a fantastic app, truly impressive quality.",positive
I really hate how this book turned out.,negative
I can't stop smiling because of this software update.,positive
Nothing about this software update works the way it should.,negative
The subscription was delivered in a plain box.,neutral
"Great job on the restaurant, everything works flawlessly.",positive
"The vacation was a huge letdown, poor quality overall.",negative
"Avoid this team, it constantly malfunctions.",negative
"Avoid this hotel, it constantly malfunctions.",negative
They discussed the website during the conference call.,neutral
"The camera was a huge letdown, poor quality overall.",negative
I appreciate how easy the gadget is to use.,positive
"Such a bad experience, the meal is unreliable.",negative
There is a new update available for the device.,neutral
"This car is a game changer, thank you so much!",positive
I used the course for about an hour today.,neutral
"I absolutely love this laptop, it's amazing!",positive
"I'm so happy with this software update, it works perfectly.",positive
This software is similar to the previous version.,neutral
The software left me feeling angry and cheated.,negative
The store has the meal in stock again.,neutral
"Such a bad experience, the device is unreliable.",negative
"The phone was a huge letdown, poor quality overall.",negative
I'm frustrated because the vacation keeps failing.,negative
This service arrived damaged and unusable.,negative
The laptop broke after just one day of use.,negative
I can't believe how poorly the movie performs.,negative
"Absolutely delighted with the meal, five stars.",positive
The customer support for this flight was awful.,negative
The experience has a standard one year warranty.,neutral
This experience is a complete waste of money.,negative
"Absolutely awful quality, this watch fell apart fast.",negative
I'm frustrated because the watch keeps failing.,negative
The service comes in three different colors.,neutral
I can't believe how poorly the vacation performs.,negative
This team is a complete waste of money.,negative
The movie is overpriced and underdelivers badly.,negative
The customer service for this watch was outstanding.,positive
I used the delivery for about an hour today.,neutral
"The gadget was a huge letdown, poor quality overall.",negative
"I regret buying this car, total disappointment.",negative
This package is similar to the previous version.,neutral
I'm frustrated because the app keeps failing.,negative
"I'm so disappointed with the software update, it barely works.",negative
The game is priced at fifty dollars.,neutral
The team arrived on Tuesday as scheduled.,neutral
I used the app for about an hour today.,neutral
The camera broke after just one day of use.,negative
I'm frustrated because the flight keeps failing.,negative
I'm frustrated because the presentation keeps failing.,negative
This delivery is a complete waste of money.,negative
"Absolutely awful quality, this website fell apart fast.",negative
This gadget is a complete waste of money.,negative
"I regret buying this experience, total disappointment.",negative
This meal is the worst I have ever purchased.,negative
The customer support for this vacation was awful.,negative
This product is the worst I have ever purchased.,negative
The delivery left me feeling angry and cheated.,negative
"Avoid this experience, it constantly malfunctions.",negative
This course made everything so much more difficult.,negative
I have not decided yet whether I like the headphones.,neutral
I used the headphones for about an hour today.,neutral
It took some time to set up the software update.,neutral
This app made everything so much more difficult.,negative
Really impressed by the quality of this camera.,positive
The meal comes in three different colors.,neutral
Everything about this book feels premium and well made.,positive
The report on the vacation will be released tomorrow.,neutral
"I'm so disappointed with the restaurant, it barely works.",negative
The website is currently being reviewed by the team.,neutral
This is the best device on the market right now.,positive
I am still testing out the car this week.,neutral
Really impressed by the quality of this phone.,positive
The gadget is currently being reviewed by the team.,neutral
The meeting about the presentation is at 3 PM.,neutral
This device made everything so much more difficult.,negative
"The flight was a huge letdown, poor quality overall.",negative
I had a great time using this product today.,positive
"I'm so happy with this movie, it works perfectly.",positive
The phone is compatible with most devices.,neutral
Really impressed by the quality of this tool.,positive
"I'm so disappointed with the product, it barely works.",negative
The meeting about the software update is at 3 PM.,neutral
There is a new update available for the tool.,neutral
"Such a bad experience, the software is unreliable.",negative
"I regret buying this device, total disappointment.",negative
The meal requires two batteries to operate.,neutral
I'm annoyed that the watch stopped working so quickly.,negative
The delivery is compatible with most devices.,neutral
I can't stop smiling because of this experience.,positive
"This app is exactly what I needed, perfect!",positive
I have not decided yet whether I like the device.,neutral
The phone requires two batteries to operate.,neutral
"This book is exactly what I needed, perfect!",positive
The camera weighs approximately two kilograms.,neutral
This product made everything so much more difficult.,negative
This course is a complete waste of money.,negative
The software is compatible with most devices.,neutral
I used the game for about an hour today.,neutral
"Avoid this delivery, it constantly malfunctions.",negative
The game arrived on Tuesday as scheduled.,neutral
The phone is priced at fifty dollars.,neutral
I'm annoyed that the hotel stopped working so quickly.,negative
The meeting about the movie is at 3 PM.,neutral
The tool comes in three different colors.,neutral
"I'm so happy with this software, it works perfectly.",positive
I have not decided yet whether I like the gadget.,neutral
"Such a bad experience, the book is unreliable.",negative
"This camera is exactly what I needed, perfect!",positive
I had a great time using this software update today.,positive
I am still testing out the meal this week.,neutral
I am still testing out the restaurant this week.,neutral
I read the instructions for the vacation yesterday.,neutral
The vacation weighs approximately two kilograms.,neutral
I can't stop smiling because of this flight.,positive
"What a fantastic device, truly impressive quality.",positive
I am still testing out the laptop this week.,neutral
This hotel exceeded all my expectations.,positive
It took some time to set up the team.,neutral
"This flight is a game changer, thank you so much!",positive
The customer support for this website was awful.,negative
I appreciate how easy the delivery is to use.,positive
I'm thrilled with how well the delivery performs.,positive
"This presentation is exactly what I needed, perfect!",positive
This delivery made everything so much more difficult.,negative
"This laptop is exactly what I needed, perfect!",positive
Everything about this software update feels premium and well made.,positive
The customer support for this software update was awful.,negative
They discussed the software update during the conference call.,neutral
The report on the restaurant will be released tomorrow.,neutral
"I regret buying this subscription, total disappointment.",negative
I used the watch for about an hour today.,neutral
They discussed the game during the conference call.,neutral
This watch is the worst I have ever purchased.,negative
This is the best hotel on the market right now.,positive
"Best product I have ever used, highly recommend it.",positive
"I absolutely love this device, it's amazing!",positive
The hotel is currently being reviewed by the team.,neutral
I am still testing out the device this week.,neutral
I had a great time using this game today.,positive
I appreciate how easy the package is to use.,positive
I can't stop smiling because of this book.,positive
The website weighs approximately two kilograms.,neutral
"This restaurant is a game changer, thank you so much!",positive
I have not decided yet whether I like the course.,neutral
I am still testing out the experience this week.,neutral
The software requires two batteries to operate.,neutral
Such a wonderful experience with this book.,positive
This vacation is similar to the previous version.,neutral
I'm thrilled with how well the subscription performs.,positive
"Avoid this headphones, it constantly malfunctions.",negative
It took some time to set up the experience.,neutral
"I'm so disappointed with the headphones, it barely works.",negative
"I regret buying this headphones, total disappointment.",negative
The movie works great and looks even better.,positive
The service here was rude and completely unhelpful.,negative
The movie was delivered in a plain box.,neutral
"Great job on the vacation, everything works flawlessly.",positive
It took some time to set up the movie.,neutral
I can't stop smiling because of this meal.,positive
The course made my day so much better.,positive
I'm annoyed that the package stopped working so quickly.,negative
The meeting about the car is at 3 PM.,neutral
"This course is exactly what I needed, perfect!",positive
This game is similar to the previous version.,neutral
The customer support for this phone was awful.,negative
The package has a standard one year warranty.,neutral
Really impressed by the quality of this subscription.,positive
"The service was a huge letdown, poor quality overall.",negative
The laptop is compatible with most devices.,neutral
The movie is compatible with most devices.,neutral
"The laptop was a huge letdown, poor quality overall.",negative
I'm annoyed that the subscription stopped working so quickly.,negative
The report on the gadget will be released tomorrow.,neutral
I can't stop smiling because of this subscription.,positive
This product exceeded all my expectations.,positive
The subscription weighs approximately two kilograms.,neutral
I had a great time using this presentation today.,positive
Nothing about this course works the way it should.,negative
"I regret buying this software, total disappointment.",negative
"You did an amazing job, I'm proud of you!",positive
I'm frustrated because the hotel keeps failing.,negative
"I'm so happy with this laptop, it works perfectly.",positive
This website is the worst I have ever purchased.,negative
The team requires two batteries to operate.,neutral
Really impressed by the quality of this gadget.,positive
This package is the worst I have ever purchased.,negative
The experience weighs approximately two kilograms.,neutral
"Great job on the laptop, everything works flawlessly.",positive
"I absolutely love this website, it's amazing!",positive
The customer service for this headphones was outstanding.,positive
The phone arrived on Tuesday as scheduled.,neutral
I appreciate how easy the team is to use.,positive
The book broke after just one day of use.,negative
The camera made my day so much better.,positive
There is a new update available for the phone.,neutral
"I absolutely love this flight, it's amazing!",positive
I used the camera for about an hour today.,neutral
The customer support for this software was awful.,negative
They discussed the device during the conference call.,neutral
The customer support for this presentation was awful.,negative
The meal was delivered in a plain box.,neutral
"I'm so disappointed with the book, it barely works.",negative
"Such a bad experience, the phone is unreliable.",negative
Really impressed by the quality of this software update.,positive
"Absolutely awful quality, this game fell apart fast.",negative
The experience comes in three different colors.,neutral
The store has the team in stock again.,neutral
I can't stop smiling because of this car.,positive
The headphones is priced at fifty dollars.,neutral
This car is similar to the previous version.,neutral
"I regret buying this vacation, total disappointment.",negative
This subscription made everything so much more difficult.,negative
This is the best phone on the market right now.,positive
The report on the app will be released tomorrow.,neutral
The gadget works great and looks even better.,positive
I'm annoyed that the gadget stopped working so quickly.,negative
There is a new update available for the camera.,neutral
The meeting about the team is at 3 PM.,neutral
"Great job on the game, everything works flawlessly.",positive
"I absolutely love this meal, it's amazing!",positive
"Terrible experience with this watch, would not recommend.",negative
The car works great and looks even better.,positive
The device is currently being reviewed by the team.,neutral
I'm thrilled with how well the restaurant performs.,positive
The store has the subscription in stock again.,neutral
I really hate how this headphones turned out.,negative
I appreciate how easy the subscription is to use.,positive
I have not decided yet whether I like the subscription.,neutral
"The team was a huge letdown, poor quality overall.",negative
The customer support for this headphones was awful.,negative
Such a wonderful experience with this website.,positive
The package weighs approximately two kilograms.,neutral
"Terrible experience with this game, would not recommend.",negative
This movie made everything so much more difficult.,negative
"What a fantastic hotel, truly impressive quality.",positive
This book made everything so much more difficult.,negative
The laptop requires two batteries to operate.,neutral
The website has a standard one year warranty.,neutral
I'm frustrated because the camera keeps failing.,negative
"Best team I have ever used, highly recommend it.",positive
"I regret buying this game, total disappointment.",negative
Such a wonderful experience with this phone.,positive
This software is a complete waste of money.,negative
The camera works great and looks even better.,positive
"What a fantastic laptop, truly impressive quality.",positive
The delivery is overpriced and underdelivers badly.,negative
The gadget is compatible with most devices.,neutral
"Avoid this device, it constantly malfunctions.",negative
The report on the headphones will be released tomorrow.,neutral
The flight has a standard one year warranty.,neutral
The product broke after just one day of use.,negative
There is a new update available for the flight.,neutral
Nothing about this package works the way it should.,negative
The camera has a standard one year warranty.,neutral
